{"focal_length": 45.91726505407413, "principal_point": [1426.0, 804.0], "vanishing_points": [[-1994.3943951129913, 683.9009013175964, 1.0], [0.945930045170408, -0.32437035112469, -0.0004742943759792237], [-0.00038711523186036326, 0.00033329269736744006, -0.9999998695288791]], "ipm_matrix": [[0.5, -0.44340796019900497, 713.0], [0.0, 0.5, 0.0], [-0.0, -0.0003109452736318408, 1.0]], "width": 2852, "height": 1608}