{"focal_length": 41.41330181804611, "principal_point": [1426.0, 804.0], "vanishing_points": [[1443.7954893112183, 925.6834044456482, 1.0], [-0.8418330377849295, -0.5397377108594668, -0.0005830694472093673], [-0.0014824190571814195, 0.001231860618890811, 0.9999981424748521]], "ipm_matrix": [[0.5, -0.44340796019900497, 713.0], [0.0, 0.5, 0.0], [-0.0, -0.0003109452736318408, 1.0]], "width": 2852, "height": 1608}