{"focal_length": 3.564109548009739e-10, "principal_point": [1426.0, 804.0], "vanishing_points": [[0.00018735094725247467, 0.0007751908538995358, -0.9999996819893309], [0.838822924384646, 0.5444040467218938, 0.0005791714914879756], [0.5444043225640417, -0.8388227661383341, -0.0005482532451828123]], "ipm_matrix": [[0.5, -0.44340796019900497, 713.0], [0.0, 0.5, 0.0], [-0.0, -0.0003109452736318408, 1.0]], "width": 2852, "height": 1608}