{"focal_length": 4.656612873077393e-10, "principal_point": [1426.0, 804.0], "vanishing_points": [[-0.0008038428585762687, 0.00017653804964925236, 0.9999996613354305], [0.8421204187369589, 0.5392892191943683, 0.0005817276147200515], [-0.5392889338591585, 0.8421206011581985, -0.0005821700838501995]], "ipm_matrix": [[0.5, -0.44340796019900497, 713.0], [0.0, 0.5, 0.0], [-0.0, -0.0003109452736318408, 1.0]], "width": 2852, "height": 1608}