{"focal_length": 3.2927225399135965e-10, "principal_point": [960.0, 540.0], "vanishing_points": [[-0.0010458740652980714, -4.1758254513957e-06, 0.9999994530648514], [0.8411799827174428, 0.5407545272154618, 0.0008820269071012747], [-0.5407542351409946, 0.8411804451356111, -0.0005620485149261357]], "ipm_matrix": [[0.5, -0.4444444444444444, 480.0], [0.0, 0.5, 0.0], [-0.0, -0.000462962962962963, 1.0]], "width": 1920, "height": 1080}