{"focal_length": 41.786381096708226, "principal_point": [1426.0, 804.0], "vanishing_points": [[1471.818234205246, 939.4791326522827, 1.0], [-0.8429166986318182, -0.5380437818406316, -0.0005727043455676526], [3.6123866450373024e-05, -0.001121012809180462, 0.999999371012476]], "ipm_matrix": [[0.5, -0.44340796019900497, 713.0], [0.0, 0.5, 0.0], [-0.0, -0.0003109452736318408, 1.0]], "camera_matrix": [[41.786381096708226, 0.0, 1426.0], [0.0, 41.786381096708226, 804.0], [0.0, 0.0, 1.0]], "distortion_coeffs": [0.0, 0.0, 0.0, 0.0, 0.0], "width": 2852, "height": 1608}