{"focal_length": 3.2927225399135965e-10, "principal_point": [960.0, 540.0], "vanishing_points": [[0.000984741439858077, 0.00010456109334860126, -0.9999995096755169], [0.841348073117932, 0.540492957022563, 0.0008850252814270324], [0.5404927845448444, -0.841348532105443, 0.00044427353831959855]], "ipm_matrix": [[0.5, -0.4444444444444444, 480.0], [0.0, 0.5, 0.0], [-0.0, -0.000462962962962963, 1.0]], "width": 1920, "height": 1080}